{
  "version": 3,
  "name": "REDO",
  "items": [
    "REDO",
    "redo"
  ],
  "items_opt": [],
  "attr": {
    "title": "REDO!",
    "porter": [
      "Pridetoons"
    ],
    "desc": "REDO! - Dark Sci-Fi Metroidvania inspired by the works of Tsutomu Nihei, Lovecraft and others. REDO! is a game about a girl trying to find another human in a dystopian world overrun by biomachines. It's a lonely and evocative game about exploring the unknown and overcoming obstacles to see what is left.",
    "desc_md": null,
    "inst": "Insert files into gamedata folder and enjoy! ",
    "inst_md": null,
    "genres": [
      "action"
    ],
    "image": null,
    "rtr": false,
    "exp": false,
    "runtime": null,
    "reqs": [],
    "arch": [
      "x86"
    ]
  }
}