<?xml version="1.0" encoding="utf-8"?>
<gameList>
  <game>
    <path>Treasure Hunter Man 2.sh</path>
    <name>Treasure Hunter Man 2</name>
    <desc>Treasure Hunter Man 2 is an exploratory platformer or metroidvania. You play as Dorothy as she grows stronger and gains new abilities. Join her as she explores and uncovers the mysteries of a deserted and seemingly cursed island.</desc>
    <releasedate>20150923T000000</releasedate>
    <developer>origamihero</developer>
    <publisher>origamihero</publisher>
    <genre>metroidvania, platformer</genre>
    <image>thm2/cover.png</image>
  </game>
</gameList>