{
  "version": 3,
  "name": "Treasure Hunter Man 2",
  "items": [
    "Treasure Hunter Man 2.sh",
    "thm2"
  ],
  "items_opt": [],
  "attr": {
    "title": "Treasure Hunter Man 2",
    "porter": [
      "Pridetoons"
    ],
    "desc": "Teenage sons are already a headache, but if they run away to hunt for treasure, that's where many a mum might be a bit out of her element. Not Dorothy, however! With a magical compass in hand, Dorothy tracks down her son's whereabouts to a deserted island. There'll be no more missed dinners or cursed treasures in THIS household! In the end, there's only one TRUE treasure for Dorothy.",
    "desc_md": null,
    "inst": "Copy your purchased game files into the gamedata folder and enjoy! ",
    "inst_md": null,
    "genres": [
      "platformer"
    ],
    "image": null,
    "rtr": false,
    "exp": false,
    "runtime": null,
    "reqs": [],
    "arch": [
      "x86"
    ]
  }
}