<?xml version="1.0" encoding="utf-8"?>
<gameList>
  <game>
    <path>SJ-19 Learns to Love.sh</path>
    <name>SJ-19 Learns To Love!</name>
    <desc>SJ-19 Learns to Love is a short boss focused metroidvania about a killer robot who learns to love~ 💕 Explore, defeat bosses, and gain the power of LOVE! </desc>
    <releasedate>20210423T000000</releasedate>
    <developer>Zertuk</developer>
    <publisher>Zertuk</publisher>
    <genre>platformer</genre>
    <image>./sj-19/cover.png</image>
  </game>
</gameList>