{
  "version": 3,
  "name": "sj-19",
  "items": [
    "SJ-19 Learns to Love!.sh",
    "sj-19"
  ],
  "items_opt": [],
  "attr": {
    "title": "SJ-19 Learns to Love!",
    "porter": [
      "Pridetoons"
    ],
    "desc": "SJ-19 Learns to Love is a short boss focused metroidvania about a killer robot who learns to love~ 💕 Explore, defeat bosses, and gain the power of LOVE!",
    "desc_md": "SJ-19 Learns to Love is a short metroidvania about a KILLER ROBOT who learns to love. Fight and explore a mysterious planet while gaining ~EMOTIONAL MATURITY~\n\n    100+ rooms to EXTERMINATE in areas like BONE CITY and THE LAB 🌎\n    8 bosses to battle, including BIG FROG and Steve the Milkman! 💀\n    Chat about ANIME with Tokotsu-kun 📺\n    Items to gain POWER, like MILK for some strong robot bones. 🥛\n    Frogs! Lots of them. 🐸\n    Collect SP to upgrade your gun, missiles, and others! 🔫\n    Learn to love! 💕\n\t\t\n\t\tWill SJ-19 fulfill their destiny as a KILLER ROBOT or learn to love and save everyone?!",
    "inst": "1)Download your purchased copy of \"SJ-19 Learns to Love\" from Steam or Itch.io.\n2)Copy \"sj-19-learns-to-love.pck\" to \"sj-19\" folder.\n3)Run \".sh\" file.\n4)ENJOY!!! :)",
    "inst_md": null,
    "genres": [
      "adventure"
    ],
    "image": null,
    "rtr": false,
    "exp": false,
    "runtime": "frt_3.3.4.squashfs",
    "reqs": [],
    "arch": []
  }
}