<?xml version="1.0" encoding="utf-8"?>
<gameList>
  <game>
    <path>./Petal Crash.sh</path>
    <name>Petal Crash</name>
    <desc>Petal Crash is a tile-matching puzzle game developed by Friend and Fairy and published by GalaxyTrail. It is the second game developed by Friend and Fairy, after Grapple Force Rena.</desc>
    <releasedate>20221012T000000</releasedate>
    <developer>Friend and Fairy</developer>
    <publisher>GalaxyTrail</publisher>
    <genre>Puzzle</genre>
    <image>./petalcrash/cover.png</image>
  </game>
</gameList>