{
  "version": 3,
  "name": "petalcrash",
  "items": [
    "Petal Crash",
    "petalcrash"
  ],
  "items_opt": [],
  "attr": {
    "title": "Petal Crash",
    "porter": [
      "Pridetoons"
    ],
    "desc": "Crash blocks together into huge chain reactions in this frantic arcade action puzzler! Pick your favorite character and experience their tale in the Story Mode, solve tricky brain teasers and make your own in Puzzle Mode, shoot for high scores in Solo Play, or go head to head in Versus Mode! {Local Multiplayer doesn't work}",
    "desc_md": null,
    "inst": "1)Download Linux Version of Petal Crash.\n2)Copy all game files minus the bin64 folder and run.sh file from your purchased copy of Petal Crash.\n3)Move \".sh\" file to Ports folder.\n4)ENJOY!!! :)",
    "inst_md": null,
    "genres": [
      "puzzle"
    ],
    "image": null,
    "rtr": false,
    "exp": false,
    "runtime": null,
    "reqs": [],
    "arch": [
      "armhf"
    ]
  }
}